[
  {
    "file": "game:itemtypes/resource/metalnailsandstrips",
    "op": "addmerge",
    "path": "/allowedVariants",
    "value": [ "*-meteoricsteel" ]
  },
  {
    "file": "game:itemtypes/resource/metalnailsandstrips",
    "op": "addmerge",
    "path": "/attributes/reinforcementStrengthByType/*-meteoricsteel",
    "value": 1500
  },
  {
    "file": "game:itemtypes/resource/metalnailsandstrips",
    "op": "addmerge",
    "path": "/materialDensityByType/*-meteoricsteel",
    "value": 7900
  },
  {
    "file": "game:itemtypes/resource/metalnailsandstrips",
    "op": "addmerge",
    "path": "/combustiblePropsByType/metalnailsandstrips-meteoricsteel",
    "value": {
      "meltingPoint": 1450,
      "meltingDuration": 30,
      "smeltedRatio": 4,
      "smeltedStack": { "type": "item", "code": "ingot-meteoricsteel", "stacksize": 1 }
    }
  }
]
