{
	"name": "AnvilsBases",
	"ingredient": { "type": "item", "code": "game:ingot-*", "name": "metal", "allowedVariants": ["steel", "meteoricsteel"]},
	"pattern": [[
		"##_____##",
		"#########",
		"#########",
		"#########",
		"#########",
		"#########",
		"#########",
		"#########",
		"#########",
		"##_____##"
	],[
		"_________",
		"_________",
		"__#####__",
		"_#######_",
		"_#######_",
		"_#######_",
		"_#######_",
		"__#####__",
		"_________",
		"_________"
	],[
		"_________",
		"_________",
		"__#####__",
		"_#######_",
		"_#######_",
		"_#######_",
		"_#######_",
		"__#####__",
		"_________",
		"_________"
	],[
		"_________",
		"_________",
		"_________",
		"__#####__",
		"__#####__",
		"__#####__",
		"__#####__",
		"_________",
		"_________",
		"_________"
	],[
		"_________",
		"_________",
		"_________",
		"__#####__",
		"__#####__",
		"__#####__",
		"__#####__",
		"_________",
		"_________",
		"_________"
	]],
	"output": { "type": "block", "code": "game:anvilpart-base-{metal}"  }
}