{
	"name": "AnvilsTops",
	"ingredient": { "type": "item", "code": "game:ingot-*", "name": "metal", "allowedVariants": ["steel", "meteoricsteel"] },
	"pattern": [[
		"###########_____",
		"############____",
		"################",
		"################",
		"############____",
		"###########_____"
	],[
		"________________",
		"_###########____",
		"_#############__",
		"_#############__",
		"_###########____",
		"________________"
	],[
		"________________",
		"__##########____",
		"__##########____",
		"__##########____",
		"__##########____",
		"________________"
	],[
		"________________",
		"____#####_______",
		"___#######______",
		"___#######______",
		"____#####_______",
		"________________"
	],[
		"________________",
		"____#####_______",
		"____#####_______",
		"____#####_______",
		"____#####_______",
		"________________"
	]],
	"output": { "type": "block", "code": "game:anvilpart-top-{metal}"  }
}