{
	"editor": {
		"allAngles": false,
		"entityTextureMode": false
	},
	"textureWidth": 16,
	"textureHeight": 16,
	"textureSizes": {
	},
	"textures": {
		"meteoricsteel": "block/metal/ingot/meteoricsteel",
		"rivet": "block/metal/sheet/gold1",
		"handguard": "block/metal/sheet/steel3",
		"handle": "block/wood/debarked/aged"
	},
	"elements": [
		{
			"name": "origin",
			"from": [ 8.0, 0.7, 7.7 ], 
			"to": [ 8.0, 0.7, 7.7 ], 
			"rotationOrigin": [ 8.0, 0.0, 8.0 ],
			"faces": {
				"north": { "texture": "#meteoricsteel", "uv": [ 0.0, 0.0, 0.5, 0.5 ], "enabled": false },
				"east": { "texture": "#meteoricsteel", "uv": [ 0.0, 0.0, 0.5, 0.5 ], "enabled": false },
				"south": { "texture": "#meteoricsteel", "uv": [ 0.0, 0.0, 0.5, 0.5 ], "enabled": false },
				"west": { "texture": "#meteoricsteel", "uv": [ 0.0, 0.0, 0.5, 0.5 ], "enabled": false },
				"up": { "texture": "#meteoricsteel", "uv": [ 0.0, 0.0, 0.5, 0.5 ], "enabled": false },
				"down": { "texture": "#meteoricsteel", "uv": [ 0.0, 0.0, 0.5, 0.5 ], "enabled": false }
			},
			"children": [
				{
					"name": "handle base",
					"from": [ -9.0, -0.5, -0.3 ], 
					"to": [ -4.0, 1.0, 1.2 ], 
					"rotationOrigin": [ -10.5, -8.0, 0.2 ],
					"faces": {
						"north": { "texture": "#handle", "uv": [ 0.0, 5.5, 5.0, 7.0 ] },
						"east": { "texture": "#handle", "uv": [ 0.5, 0.5, 2.0, 2.0 ] },
						"south": { "texture": "#handle", "uv": [ 2.5, 12.5, 7.5, 14.0 ] },
						"west": { "texture": "#handle", "uv": [ 1.0, 8.0, 2.5, 9.5 ] },
						"up": { "texture": "#handle", "uv": [ 6.0, 2.0, 11.0, 3.5 ] },
						"down": { "texture": "#handle", "uv": [ 2.5, 3.5, 7.5, 5.0 ] }
					},
					"children": [
						{
							"name": "handguard",
							"from": [ 4.1, -0.2, -0.2 ], 
							"to": [ 5.1, 1.8, 2.3 ], 
							"rotationOrigin": [ 4.1, -0.2, -0.2 ],
							"rotationY": 8.0,
							"faces": {
								"north": { "texture": "#handguard", "uv": [ 0.0, 0.0, 1.0, 2.0 ] },
								"east": { "texture": "#handguard", "uv": [ 0.0, 0.0, 2.5, 2.0 ] },
								"south": { "texture": "#handguard", "uv": [ 0.0, 0.0, 1.0, 2.0 ] },
								"west": { "texture": "#handguard", "uv": [ 0.0, 0.0, 2.5, 2.0 ] },
								"up": { "texture": "#handguard", "uv": [ 3.0, 0.0, 5.5, 1.0 ], "rotation": 90 },
								"down": { "texture": "#handguard", "uv": [ 0.0, 0.0, 1.0, 2.5 ] }
							},
							"children": [
								{
									"name": "wing 3",
									"from": [ -1.4, 0.5, -1.9 ], 
									"to": [ 0.1, 1.5, -1.4 ], 
									"rotationOrigin": [ -1.4, 0.8, -1.6 ],
									"rotationY": -12.0,
									"rotationZ": 1.0,
									"faces": {
										"north": { "texture": "#handguard", "uv": [ 2.5, 3.0, 4.0, 4.0 ] },
										"east": { "texture": "#handguard", "uv": [ 4.0, 2.5, 4.5, 3.5 ] },
										"south": { "texture": "#handguard", "uv": [ 1.0, 1.0, 2.5, 2.0 ] },
										"west": { "texture": "#handguard", "uv": [ 1.0, 2.0, 1.5, 3.0 ] },
										"up": { "texture": "#handguard", "uv": [ 8.5, 1.0, 10.0, 1.5 ] },
										"down": { "texture": "#handguard", "uv": [ 0.5, 0.5, 2.0, 1.0 ] }
									}
								},
								{
									"name": "wing 2",
									"from": [ -0.7, 0.8, -1.1 ], 
									"to": [ 0.3, 1.3, -0.6 ], 
									"rotationOrigin": [ 0.2, 0.8, -0.6 ],
									"rotationY": -50.0,
									"faces": {
										"north": { "texture": "#handguard", "uv": [ 0.0, 0.0, 1.0, 0.5 ] },
										"east": { "texture": "#handguard", "uv": [ 0.0, 0.0, 0.5, 0.5 ] },
										"south": { "texture": "#handguard", "uv": [ 0.0, 0.0, 1.0, 0.5 ] },
										"west": { "texture": "#handguard", "uv": [ 0.0, 0.0, 0.5, 0.5 ] },
										"up": { "texture": "#handguard", "uv": [ 7.5, 0.0, 8.5, 0.5 ] },
										"down": { "texture": "#handguard", "uv": [ 0.0, 0.0, 1.0, 0.5 ] }
									}
								},
								{
									"name": "R wing 2",
									"from": [ -4.5, 0.5, 1.0 ], 
									"to": [ -3.0, 1.5, 1.4 ], 
									"rotationOrigin": [ -3.0, 0.5, 1.0 ],
									"rotationY": 11.0,
									"faces": {
										"north": { "texture": "#handguard", "uv": [ 7.5, 1.0, 9.0, 2.0 ] },
										"east": { "texture": "#handguard", "uv": [ 5.5, 8.0, 6.0, 9.0 ] },
										"south": { "texture": "#handguard", "uv": [ 1.0, 9.0, 2.5, 10.0 ] },
										"west": { "texture": "#handguard", "uv": [ 13.5, 5.0, 14.0, 6.0 ] },
										"up": { "texture": "#handguard", "uv": [ 12.5, 7.0, 14.0, 7.5 ] },
										"down": { "texture": "#handguard", "uv": [ 8.0, 1.5, 9.5, 2.0 ] }
									}
								},
								{
									"name": "wing 4",
									"from": [ -2.8, 0.5, -0.5 ], 
									"to": [ -0.8, 1.5, 0.0 ], 
									"rotationOrigin": [ -2.8, 1.0, -0.5 ],
									"rotationY": 43.0,
									"faces": {
										"north": { "texture": "#handguard", "uv": [ 1.0, 9.5, 3.0, 10.5 ] },
										"east": { "texture": "#handguard", "uv": [ 7.5, 14.0, 8.0, 15.0 ] },
										"south": { "texture": "#handguard", "uv": [ 9.5, 2.5, 11.5, 3.5 ] },
										"west": { "texture": "#handguard", "uv": [ 1.5, 13.0, 2.0, 14.0 ] },
										"up": { "texture": "#handguard", "uv": [ 1.0, 2.5, 3.0, 3.0 ] },
										"down": { "texture": "#handguard", "uv": [ 13.5, 14.5, 15.5, 15.0 ] }
									}
								},
								{
									"name": "wing 1",
									"from": [ -0.5, 0.8, -0.4 ], 
									"to": [ 0.5, 1.3, 0.1 ], 
									"rotationOrigin": [ 0.4, 0.8, 0.1 ],
									"rotationY": -73.0,
									"rotationZ": 0.1,
									"faces": {
										"north": { "texture": "#handguard", "uv": [ 12.5, 3.0, 13.5, 3.5 ] },
										"east": { "texture": "#handguard", "uv": [ 12.5, 0.0, 13.0, 0.5 ] },
										"south": { "texture": "#handguard", "uv": [ 3.0, 2.5, 4.0, 3.0 ] },
										"west": { "texture": "#handguard", "uv": [ 14.5, 3.5, 15.0, 4.0 ] },
										"up": { "texture": "#handguard", "uv": [ 1.5, 12.0, 2.5, 12.5 ] },
										"down": { "texture": "#handguard", "uv": [ 6.0, 9.0, 7.0, 9.5 ] }
									}
								},
								{
									"name": "wing 5",
									"from": [ -3.6, 0.5, -0.7 ], 
									"to": [ -2.6, 1.5, -0.2 ], 
									"rotationOrigin": [ -2.6, 1.0, -0.7 ],
									"rotationY": -26.0,
									"rotationZ": -0.1,
									"faces": {
										"north": { "texture": "#handguard", "uv": [ 5.5, 0.5, 6.5, 1.5 ] },
										"east": { "texture": "#handguard", "uv": [ 4.5, 1.5, 5.0, 2.5 ] },
										"south": { "texture": "#handguard", "uv": [ 10.0, 6.0, 11.0, 7.0 ] },
										"west": { "texture": "#handguard", "uv": [ 7.5, 9.0, 8.0, 10.0 ] },
										"up": { "texture": "#handguard", "uv": [ 7.5, 12.0, 8.5, 12.5 ] },
										"down": { "texture": "#handguard", "uv": [ 2.5, 14.0, 3.5, 14.5 ] }
									}
								},
								{
									"name": "wing 6",
									"from": [ -4.2, 0.5, -0.8 ], 
									"to": [ -3.2, 1.5, -0.3 ], 
									"rotationOrigin": [ -3.2, 1.0, -0.8 ],
									"rotationY": -78.0,
									"faces": {
										"north": { "texture": "#handguard", "uv": [ 1.0, 8.0, 2.0, 9.0 ] },
										"east": { "texture": "#handguard", "uv": [ 15.0, 0.5, 15.5, 1.5 ] },
										"south": { "texture": "#handguard", "uv": [ 14.5, 13.5, 15.5, 14.5 ] },
										"west": { "texture": "#handguard", "uv": [ 2.5, 0.0, 3.0, 1.0 ] },
										"up": { "texture": "#handguard", "uv": [ 13.5, 3.0, 14.5, 3.5 ] },
										"down": { "texture": "#handguard", "uv": [ 2.0, 14.5, 3.0, 15.0 ] }
									}
								},
								{
									"name": "wing 7",
									"from": [ -3.9, 0.5, -1.4 ], 
									"to": [ -3.4, 1.5, -0.9 ], 
									"rotationOrigin": [ -3.4, 1.0, -1.4 ],
									"rotationY": -129.0,
									"rotationZ": -0.1,
									"faces": {
										"north": { "texture": "#handguard", "uv": [ 4.5, 8.0, 5.0, 9.0 ] },
										"east": { "texture": "#handguard", "uv": [ 11.0, 7.0, 11.5, 8.0 ] },
										"south": { "texture": "#handguard", "uv": [ 5.0, 12.5, 5.5, 13.5 ] },
										"west": { "texture": "#handguard", "uv": [ 0.5, 11.5, 1.0, 12.5 ] },
										"up": { "texture": "#handguard", "uv": [ 7.0, 1.5, 7.5, 2.0 ] },
										"down": { "texture": "#handguard", "uv": [ 15.0, 1.5, 15.5, 2.0 ] }
									}
								},
								{
									"name": "handguard end",
									"from": [ -3.6, 0.0, -0.8 ], 
									"to": [ -2.6, 2.0, 1.7 ], 
									"rotationOrigin": [ -3.2, 1.0, 1.8 ],
									"rotationY": -15.0,
									"faces": {
										"north": { "texture": "#handguard", "uv": [ 0.0, 0.0, 1.0, 2.0 ] },
										"east": { "texture": "#handguard", "uv": [ 0.0, 0.0, 2.5, 2.0 ] },
										"south": { "texture": "#handguard", "uv": [ 0.0, 0.0, 1.0, 2.0 ] },
										"west": { "texture": "#handguard", "uv": [ 0.0, 0.0, 2.5, 2.0 ] },
										"up": { "texture": "#handguard", "uv": [ 0.0, 5.5, 1.0, 8.0 ] },
										"down": { "texture": "#handguard", "uv": [ 0.0, 0.0, 1.0, 2.5 ] }
									}
								}
							]
						},
						{
							"name": "base",
							"from": [ 5.0, 0.3, 0.0 ], 
							"to": [ 6.5, 1.3, 1.5 ], 
							"rotationOrigin": [ 5.0, 0.3, 0.0 ],
							"faces": {
								"north": { "texture": "#handle", "uv": [ 7.0, 3.0, 8.5, 4.0 ] },
								"east": { "texture": "#handle", "uv": [ 1.0, 2.0, 2.5, 3.0 ] },
								"south": { "texture": "#handle", "uv": [ 6.0, 4.0, 7.5, 5.0 ] },
								"west": { "texture": "#handle", "uv": [ 6.0, 2.0, 7.5, 3.0 ] },
								"up": { "texture": "#handle", "uv": [ 6.0, 11.0, 7.5, 12.5 ] },
								"down": { "texture": "#handle", "uv": [ 2.0, 3.5, 3.5, 5.0 ] }
							},
							"children": [
								{
									"name": "base 2",
									"from": [ 1.5, 0.0, 0.5 ], 
									"to": [ 8.5, 1.0, 1.5 ], 
									"rotationOrigin": [ 1.5, 0.0, 0.5 ],
									"faces": {
										"north": { "texture": "#handle", "uv": [ 5.0, 8.5, 12.0, 9.5 ] },
										"east": { "texture": "#handle", "uv": [ 0.0, 0.0, 1.0, 1.0 ] },
										"south": { "texture": "#handle", "uv": [ 0.0, 12.5, 7.0, 13.5 ] },
										"west": { "texture": "#handle", "uv": [ 0.0, 0.0, 1.0, 1.0 ] },
										"up": { "texture": "#handle", "uv": [ 2.5, 1.5, 9.5, 2.5 ] },
										"down": { "texture": "#handle", "uv": [ 1.0, 3.0, 8.0, 4.0 ] }
									},
									"children": [
										{
											"name": "rivet 1",
											"from": [ 4.9, -0.1, 0.3 ], 
											"to": [ 5.9, 1.1, 1.3 ], 
											"rotationOrigin": [ 4.9, -0.1, 0.3 ],
											"faces": {
												"north": { "texture": "#rivet", "uv": [ 8.0, 12.5, 9.0, 13.5 ] },
												"east": { "texture": "#rivet", "uv": [ 5.0, 11.0, 6.0, 12.0 ] },
												"south": { "texture": "#rivet", "uv": [ 5.5, 7.0, 6.5, 8.0 ] },
												"west": { "texture": "#rivet", "uv": [ 10.0, 4.0, 11.0, 5.0 ] },
												"up": { "texture": "#rivet", "uv": [ 4.0, 2.0, 5.0, 3.0 ] },
												"down": { "texture": "#rivet", "uv": [ 1.5, 4.0, 2.5, 5.0 ] }
											},
											"children": [
												{
													"name": "reinforcement 1",
													"from": [ 0.3, 1.0, -1.0 ], 
													"to": [ 0.7, 1.2, 0.0 ], 
													"rotationOrigin": [ 0.5, 1.2, 0.0 ],
													"rotationX": -17.0,
													"rotationY": 6.0,
													"faces": {
														"north": { "texture": "#rivet", "uv": [ 14.5, 9.5, 15.0, 10.0 ] },
														"east": { "texture": "#rivet", "uv": [ 1.5, 0.0, 2.5, 0.5 ] },
														"south": { "texture": "#rivet", "uv": [ 2.5, 9.0, 3.0, 9.5 ] },
														"west": { "texture": "#rivet", "uv": [ 13.5, 15.5, 14.5, 16.0 ] },
														"up": { "texture": "#rivet", "uv": [ 0.0, 3.0, 0.5, 4.0 ] },
														"down": { "texture": "#rivet", "uv": [ 14.5, 13.5, 15.0, 14.5 ] }
													}
												},
												{
													"name": "reinforcement 2",
													"from": [ 0.3, 0.0, -1.0 ], 
													"to": [ 0.7, 0.2, 0.0 ], 
													"rotationOrigin": [ 0.5, 0.0, 0.0 ],
													"rotationX": 17.0,
													"rotationY": 6.0,
													"faces": {
														"north": { "texture": "#rivet", "uv": [ 1.0, 9.5, 1.5, 10.0 ] },
														"east": { "texture": "#rivet", "uv": [ 6.5, 0.0, 7.5, 0.5 ] },
														"south": { "texture": "#rivet", "uv": [ 3.5, 3.5, 4.0, 4.0 ] },
														"west": { "texture": "#rivet", "uv": [ 5.0, 0.0, 6.0, 0.5 ] },
														"up": { "texture": "#rivet", "uv": [ 14.5, 11.0, 15.0, 12.0 ] },
														"down": { "texture": "#rivet", "uv": [ 0.0, 12.5, 0.5, 13.5 ] }
													}
												}
											]
										},
										{
											"name": "rivet 2",
											"from": [ 3.1, -0.1, 0.4 ], 
											"to": [ 4.1, 1.1, 1.4 ], 
											"rotationOrigin": [ 3.1, -0.1, 0.4 ],
											"faces": {
												"north": { "texture": "#rivet", "uv": [ 6.0, 7.0, 7.0, 8.0 ] },
												"east": { "texture": "#rivet", "uv": [ 8.5, 4.0, 9.5, 5.0 ] },
												"south": { "texture": "#rivet", "uv": [ 1.5, 13.5, 2.5, 14.5 ] },
												"west": { "texture": "#rivet", "uv": [ 5.0, 8.5, 6.0, 9.5 ] },
												"up": { "texture": "#rivet", "uv": [ 1.0, 2.5, 2.0, 3.5 ] },
												"down": { "texture": "#rivet", "uv": [ 2.5, 3.5, 3.5, 4.5 ] }
											},
											"children": [
												{
													"name": "reinforcement 45",
													"from": [ 0.3, 1.0, -0.9 ], 
													"to": [ 0.7, 1.2, 0.1 ], 
													"rotationOrigin": [ 0.5, 1.2, 0.1 ],
													"rotationX": -11.0,
													"faces": {
														"north": { "texture": "#rivet", "uv": [ 5.5, 1.0, 6.0, 1.5 ] },
														"east": { "texture": "#rivet", "uv": [ 10.0, 15.5, 11.0, 16.0 ] },
														"south": { "texture": "#rivet", "uv": [ 9.0, 8.5, 9.5, 9.0 ] },
														"west": { "texture": "#rivet", "uv": [ 13.5, 15.5, 14.5, 16.0 ] },
														"up": { "texture": "#rivet", "uv": [ 15.5, 4.5, 16.0, 5.5 ] },
														"down": { "texture": "#rivet", "uv": [ 14.5, 6.0, 15.0, 7.0 ] }
													}
												},
												{
													"name": "reinforcement 46",
													"from": [ 0.3, 0.0, -1.0 ], 
													"to": [ 0.7, 0.2, 0.0 ], 
													"rotationOrigin": [ 0.5, 0.0, 0.0 ],
													"rotationX": 11.0,
													"faces": {
														"north": { "texture": "#rivet", "uv": [ 1.0, 5.5, 1.5, 6.0 ] },
														"east": { "texture": "#rivet", "uv": [ 12.5, 0.0, 13.5, 0.5 ] },
														"south": { "texture": "#rivet", "uv": [ 5.0, 11.0, 5.5, 11.5 ] },
														"west": { "texture": "#rivet", "uv": [ 4.5, 0.0, 5.5, 0.5 ] },
														"up": { "texture": "#rivet", "uv": [ 9.0, 6.0, 9.5, 7.0 ] },
														"down": { "texture": "#rivet", "uv": [ 0.0, 7.0, 0.5, 8.0 ] }
													}
												}
											]
										},
										{
											"name": "rivet 3",
											"from": [ 1.2, -0.1, 0.3 ], 
											"to": [ 2.2, 1.1, 1.3 ], 
											"rotationOrigin": [ 1.2, -0.1, 0.3 ],
											"faces": {
												"north": { "texture": "#rivet", "uv": [ 6.5, 8.0, 7.5, 9.0 ] },
												"east": { "texture": "#rivet", "uv": [ 9.5, 1.0, 10.5, 2.0 ] },
												"south": { "texture": "#rivet", "uv": [ 5.5, 3.5, 6.5, 4.5 ] },
												"west": { "texture": "#rivet", "uv": [ 4.5, 10.5, 5.5, 11.5 ] },
												"up": { "texture": "#rivet", "uv": [ 4.0, 14.5, 5.0, 15.5 ] },
												"down": { "texture": "#rivet", "uv": [ 8.5, 1.0, 9.5, 2.0 ] }
											},
											"children": [
												{
													"name": "reinforcement 48",
													"from": [ 0.3, 1.0, -1.0 ], 
													"to": [ 0.7, 1.2, 0.0 ], 
													"rotationOrigin": [ 0.5, 1.2, 0.0 ],
													"rotationX": -17.0,
													"faces": {
														"north": { "texture": "#rivet", "uv": [ 10.0, 1.0, 10.5, 1.5 ] },
														"east": { "texture": "#rivet", "uv": [ 10.0, 0.0, 11.0, 0.5 ] },
														"south": { "texture": "#rivet", "uv": [ 14.5, 7.5, 15.0, 8.0 ] },
														"west": { "texture": "#rivet", "uv": [ 13.0, 0.0, 14.0, 0.5 ] },
														"up": { "texture": "#rivet", "uv": [ 0.0, 7.0, 0.5, 8.0 ] },
														"down": { "texture": "#rivet", "uv": [ 0.5, 2.5, 1.0, 3.5 ] }
													}
												},
												{
													"name": "reinforcement 49",
													"from": [ 0.3, 0.0, -1.0 ], 
													"to": [ 0.7, 0.2, 0.0 ], 
													"rotationOrigin": [ 0.5, 0.0, 0.0 ],
													"rotationX": 17.0,
													"faces": {
														"north": { "texture": "#rivet", "uv": [ 10.0, 1.0, 10.5, 1.5 ] },
														"east": { "texture": "#rivet", "uv": [ 6.5, 0.0, 7.5, 0.5 ] },
														"south": { "texture": "#rivet", "uv": [ 13.5, 4.0, 14.0, 4.5 ] },
														"west": { "texture": "#rivet", "uv": [ 3.5, 0.0, 4.5, 0.5 ] },
														"up": { "texture": "#rivet", "uv": [ 0.0, 6.0, 0.5, 7.0 ] },
														"down": { "texture": "#rivet", "uv": [ 0.0, 6.0, 0.5, 7.0 ] }
													}
												}
											]
										},
										{
											"name": "rivet 4",
											"from": [ -0.7, -0.1, 0.4 ], 
											"to": [ 0.3, 1.1, 1.4 ], 
											"rotationOrigin": [ -0.7, -0.1, 0.4 ],
											"faces": {
												"north": { "texture": "#rivet", "uv": [ 7.0, 6.5, 8.0, 7.5 ] },
												"east": { "texture": "#rivet", "uv": [ 6.5, 8.0, 7.5, 9.0 ] },
												"south": { "texture": "#rivet", "uv": [ 7.0, 5.0, 8.0, 6.0 ] },
												"west": { "texture": "#rivet", "uv": [ 8.0, 8.0, 9.0, 9.0 ] },
												"up": { "texture": "#rivet", "uv": [ 2.0, 0.0, 3.0, 1.0 ] },
												"down": { "texture": "#rivet", "uv": [ 4.5, 2.5, 5.5, 3.5 ] }
											},
											"children": [
												{
													"name": "reinforcement 51",
													"from": [ 0.3, 1.0, -0.6 ], 
													"to": [ 0.7, 1.2, 0.4 ], 
													"rotationOrigin": [ 0.5, 1.2, 0.4 ],
													"rotationX": -6.0,
													"rotationY": -7.0,
													"faces": {
														"north": { "texture": "#rivet", "uv": [ 5.5, 14.0, 6.0, 14.5 ] },
														"east": { "texture": "#rivet", "uv": [ 2.5, 0.0, 3.5, 0.5 ] },
														"south": { "texture": "#rivet", "uv": [ 8.5, 7.0, 9.0, 7.5 ] },
														"west": { "texture": "#rivet", "uv": [ 2.0, 0.0, 3.0, 0.5 ] },
														"up": { "texture": "#rivet", "uv": [ 15.5, 10.5, 16.0, 11.5 ] },
														"down": { "texture": "#rivet", "uv": [ 9.5, 5.5, 10.0, 6.5 ] }
													}
												},
												{
													"name": "reinforcement 52",
													"from": [ 0.3, 0.0, -0.6 ], 
													"to": [ 0.7, 0.2, 0.4 ], 
													"rotationOrigin": [ 0.5, 0.0, 0.4 ],
													"rotationX": 6.0,
													"rotationY": -7.0,
													"faces": {
														"north": { "texture": "#rivet", "uv": [ 0.0, 9.5, 0.5, 10.0 ] },
														"east": { "texture": "#rivet", "uv": [ 6.5, 0.0, 7.5, 0.5 ] },
														"south": { "texture": "#rivet", "uv": [ 2.5, 10.0, 3.0, 10.5 ] },
														"west": { "texture": "#rivet", "uv": [ 6.5, 0.0, 7.5, 0.5 ] },
														"up": { "texture": "#rivet", "uv": [ 3.0, 14.0, 3.5, 15.0 ] },
														"down": { "texture": "#rivet", "uv": [ 0.0, 3.5, 0.5, 4.5 ] }
													}
												}
											]
										}
									]
								}
							]
						}
					]
				},
				{
					"name": "segment 1",
					"from": [ -4.0, 0.08, -0.7 ], 
					"to": [ 3.0, 0.48, 1.3 ], 
					"rotationOrigin": [ -3.0, 0.1, 0.8 ],
					"faces": {
						"north": { "texture": "#meteoricsteel", "uv": [ 1.5, 10.0, 8.5, 10.5 ] },
						"east": { "texture": "#meteoricsteel", "uv": [ 8.5, 1.0, 10.5, 1.5 ] },
						"south": { "texture": "#meteoricsteel", "uv": [ 9.0, 8.5, 16.0, 9.0 ] },
						"west": { "texture": "#meteoricsteel", "uv": [ 0.0, 1.5, 2.0, 2.0 ] },
						"up": { "texture": "#meteoricsteel", "uv": [ 4.5, 11.0, 11.5, 13.0 ] },
						"down": { "texture": "#meteoricsteel", "uv": [ 3.0, 0.5, 10.0, 2.5 ] }
					},
					"children": [
						{
							"name": "segment 2",
							"from": [ 6.7, 0.05, 0.0 ], 
							"to": [ 9.2, 0.35, 3.0 ], 
							"rotationOrigin": [ 6.7, 0.0, 0.0 ],
							"rotationY": 5.0,
							"faces": {
								"north": { "texture": "#meteoricsteel", "uv": [ 12.5, 7.5, 15.0, 8.0 ] },
								"east": { "texture": "#meteoricsteel", "uv": [ 8.5, 14.0, 11.5, 14.5 ] },
								"south": { "texture": "#meteoricsteel", "uv": [ 10.0, 4.0, 12.5, 4.5 ] },
								"west": { "texture": "#meteoricsteel", "uv": [ 5.0, 13.0, 8.0, 13.5 ] },
								"up": { "texture": "#meteoricsteel", "uv": [ 11.0, 5.5, 13.5, 8.5 ] },
								"down": { "texture": "#meteoricsteel", "uv": [ 8.5, 11.0, 11.0, 14.0 ] }
							},
							"children": [
								{
									"name": "segment 3",
									"from": [ 1.9, 0.02, 0.0 ], 
									"to": [ 5.4, 0.28, 3.1 ], 
									"rotationOrigin": [ 1.9, 0.0, 0.0 ],
									"rotationY": 10.0,
									"faces": {
										"north": { "texture": "#meteoricsteel", "uv": [ 0.0, 12.0, 3.5, 12.5 ] },
										"east": { "texture": "#meteoricsteel", "uv": [ 9.5, 10.5, 12.5, 11.0 ] },
										"south": { "texture": "#meteoricsteel", "uv": [ 0.5, 6.0, 4.0, 6.5 ] },
										"west": { "texture": "#meteoricsteel", "uv": [ 1.0, 2.5, 4.0, 3.0 ] },
										"up": { "texture": "#meteoricsteel", "uv": [ 0.0, 2.0, 3.5, 5.0 ] },
										"down": { "texture": "#meteoricsteel", "uv": [ 8.5, 8.5, 12.0, 11.5 ] }
									},
									"children": [
										{
											"name": "segment 4",
											"from": [ 2.3, 0.03, 0.1 ], 
											"to": [ 4.8, 0.23, 3.1 ], 
											"rotationOrigin": [ 2.3, 0.0, 0.1 ],
											"rotationY": 15.0,
											"faces": {
												"north": { "texture": "#meteoricsteel", "uv": [ 1.5, 7.0, 4.0, 7.5 ] },
												"east": { "texture": "#meteoricsteel", "uv": [ 7.0, 1.5, 10.0, 2.0 ] },
												"south": { "texture": "#meteoricsteel", "uv": [ 6.0, 13.0, 8.5, 13.5 ] },
												"west": { "texture": "#meteoricsteel", "uv": [ 1.5, 3.5, 4.5, 4.0 ] },
												"up": { "texture": "#meteoricsteel", "uv": [ 12.0, 3.0, 14.5, 6.0 ] },
												"down": { "texture": "#meteoricsteel", "uv": [ 9.0, 7.0, 11.5, 10.0 ] }
											},
											"children": [
												{
													"name": "segment 5",
													"from": [ 1.6, 0.02, 0.2 ], 
													"to": [ 4.1, 0.18, 2.7 ], 
													"rotationOrigin": [ 1.6, 0.0, 0.2 ],
													"rotationY": 15.0,
													"faces": {
														"north": { "texture": "#meteoricsteel", "uv": [ 8.0, 0.5, 10.5, 1.0 ] },
														"east": { "texture": "#meteoricsteel", "uv": [ 11.0, 14.5, 13.5, 15.0 ] },
														"south": { "texture": "#meteoricsteel", "uv": [ 12.0, 6.0, 14.5, 6.5 ] },
														"west": { "texture": "#meteoricsteel", "uv": [ 9.0, 11.5, 11.5, 12.0 ] },
														"up": { "texture": "#meteoricsteel", "uv": [ 12.5, 9.0, 15.0, 11.5 ] },
														"down": { "texture": "#meteoricsteel", "uv": [ 12.5, 10.5, 15.0, 13.0 ] }
													},
													"children": [
														{
															"name": "segment 6",
															"from": [ 1.9, 0.02, 0.0 ], 
															"to": [ 3.3, 0.12, 2.0 ], 
															"rotationOrigin": [ 1.9, 0.0, 0.0 ],
															"rotationY": 15.0,
															"faces": {
																"north": { "texture": "#meteoricsteel", "uv": [ 11.5, 15.0, 12.5, 15.5 ] },
																"east": { "texture": "#meteoricsteel", "uv": [ 3.5, 9.0, 5.5, 9.5 ] },
																"south": { "texture": "#meteoricsteel", "uv": [ 7.0, 2.5, 8.0, 3.0 ] },
																"west": { "texture": "#meteoricsteel", "uv": [ 8.5, 2.0, 10.5, 2.5 ] },
																"up": { "texture": "#meteoricsteel", "uv": [ 8.5, 0.0, 9.5, 2.0 ] },
																"down": { "texture": "#meteoricsteel", "uv": [ 3.5, 0.5, 4.5, 2.5 ] }
															},
															"children": [
																{
																	"name": "segment 7taper",
																	"from": [ 0.75, 0.02, 1.0 ], 
																	"to": [ 3.75, 0.08, 2.0 ], 
																	"rotationOrigin": [ 0.8, -0.01, 1.0 ],
																	"rotationY": 34.5,
																	"faces": {
																		"north": { "texture": "#meteoricsteel", "uv": [ 12.5, 10.5, 15.5, 11.0 ] },
																		"east": { "texture": "#meteoricsteel", "uv": [ 0.5, 10.5, 1.5, 11.0 ] },
																		"south": { "texture": "#meteoricsteel", "uv": [ 12.5, 5.5, 15.5, 6.0 ] },
																		"west": { "texture": "#meteoricsteel", "uv": [ 10.0, 14.0, 11.0, 14.5 ] },
																		"up": { "texture": "#meteoricsteel", "uv": [ 4.0, 15.0, 7.0, 16.0 ] },
																		"down": { "texture": "#meteoricsteel", "uv": [ 4.5, 15.0, 7.5, 16.0 ] }
																	}
																},
																{
																	"name": "segment 8taper",
																	"from": [ 1.15, 0.03, 0.1 ], 
																	"to": [ 3.65, 0.07, 1.1 ], 
																	"rotationOrigin": [ 1.2, 0.0, 0.1 ],
																	"rotationY": 23.0,
																	"faces": {
																		"north": { "texture": "#meteoricsteel", "uv": [ 4.5, 10.0, 7.0, 10.5 ] },
																		"east": { "texture": "#meteoricsteel", "uv": [ 4.5, 14.5, 5.5, 15.0 ] },
																		"south": { "texture": "#meteoricsteel", "uv": [ 8.0, 7.5, 10.5, 8.0 ] },
																		"west": { "texture": "#meteoricsteel", "uv": [ 12.0, 0.5, 13.0, 1.0 ] },
																		"up": { "texture": "#meteoricsteel", "uv": [ 4.5, 15.0, 7.0, 16.0 ] },
																		"down": { "texture": "#meteoricsteel", "uv": [ 5.0, 14.5, 7.5, 15.5 ] }
																	}
																},
																{
																	"name": "segment 7taper32",
																	"from": [ 3.25, 0.02, -0.6 ], 
																	"to": [ 4.25, 0.08, 0.1 ], 
																	"rotationOrigin": [ 3.3, -0.01, -0.6 ],
																	"rotationY": 42.5,
																	"faces": {
																		"north": { "texture": "#meteoricsteel", "uv": [ 14.5, 11.5, 15.5, 12.0 ] },
																		"east": { "texture": "#meteoricsteel", "uv": [ 5.0, 4.0, 5.5, 4.5 ] },
																		"south": { "texture": "#meteoricsteel", "uv": [ 11.0, 15.0, 12.0, 15.5 ] },
																		"west": { "texture": "#meteoricsteel", "uv": [ 5.0, 13.5, 5.5, 14.0 ] },
																		"up": { "texture": "#meteoricsteel", "uv": [ 5.5, 15.5, 6.5, 16.0 ] },
																		"down": { "texture": "#meteoricsteel", "uv": [ 6.0, 15.0, 7.0, 15.5 ] }
																	}
																}
															]
														}
													]
												}
											]
										}
									]
								}
							]
						},
						{
							"name": "razor",
							"from": [ 0.4, 0.15, -0.9 ], 
							"to": [ 1.4, 0.25, 0.6 ], 
							"rotationOrigin": [ 0.9, 0.1, -0.4 ],
							"rotationY": -45.0,
							"rotationZ": -0.2,
							"faces": {
								"north": { "texture": "#meteoricsteel", "uv": [ 10.5, 8.5, 11.5, 9.0 ] },
								"east": { "texture": "#meteoricsteel", "uv": [ 0.0, 6.0, 1.5, 6.5 ], "enabled": false },
								"south": { "texture": "#meteoricsteel", "uv": [ 1.5, 0.5, 2.5, 1.0 ], "enabled": false },
								"west": { "texture": "#meteoricsteel", "uv": [ 3.5, 2.5, 5.0, 3.0 ] },
								"up": { "texture": "#meteoricsteel", "uv": [ 10.0, 0.5, 11.0, 2.0 ] },
								"down": { "texture": "#meteoricsteel", "uv": [ 4.0, 0.5, 5.0, 2.0 ] }
							}
						},
						{
							"name": "razor24",
							"from": [ 1.5, 0.15, -1.3 ], 
							"to": [ 3.0, 0.25, 1.2 ], 
							"rotationOrigin": [ 2.0, 0.1, -0.8 ],
							"rotationY": -45.0,
							"faces": {
								"north": { "texture": "#meteoricsteel", "uv": [ 13.5, 3.0, 15.0, 3.5 ] },
								"east": { "texture": "#meteoricsteel", "uv": [ 4.0, 9.0, 6.5, 9.5 ], "enabled": false },
								"south": { "texture": "#meteoricsteel", "uv": [ 7.5, 12.5, 9.0, 13.0 ], "enabled": false },
								"west": { "texture": "#meteoricsteel", "uv": [ 6.0, 13.0, 8.5, 13.5 ] },
								"up": { "texture": "#meteoricsteel", "uv": [ 8.5, 0.0, 11.0, 1.5 ], "rotation": 90 },
								"down": { "texture": "#meteoricsteel", "uv": [ 3.5, 0.0, 5.0, 2.5 ] }
							}
						},
						{
							"name": "razor25",
							"from": [ 2.7, 0.15, -0.8 ], 
							"to": [ 3.7, 0.25, 0.7 ], 
							"rotationOrigin": [ 3.2, 0.1, -0.3 ],
							"rotationY": -45.0,
							"rotationZ": -0.2,
							"faces": {
								"north": { "texture": "#meteoricsteel", "uv": [ 1.0, 0.0, 2.0, 0.5 ] },
								"east": { "texture": "#meteoricsteel", "uv": [ 8.5, 2.0, 10.0, 2.5 ], "enabled": false },
								"south": { "texture": "#meteoricsteel", "uv": [ 7.0, 2.5, 8.0, 3.0 ], "enabled": false },
								"west": { "texture": "#meteoricsteel", "uv": [ 10.5, 10.5, 12.0, 11.0 ] },
								"up": { "texture": "#meteoricsteel", "uv": [ 7.0, 14.0, 8.0, 15.5 ] },
								"down": { "texture": "#meteoricsteel", "uv": [ 4.0, 0.5, 5.0, 2.0 ] }
							}
						},
						{
							"name": "razor26",
							"from": [ 3.8, 0.15, -1.0 ], 
							"to": [ 5.3, 0.25, 1.0 ], 
							"rotationOrigin": [ 4.3, 0.1, -0.5 ],
							"rotationY": -45.0,
							"faces": {
								"north": { "texture": "#meteoricsteel", "uv": [ 1.0, 3.5, 2.5, 4.0 ] },
								"east": { "texture": "#meteoricsteel", "uv": [ 8.5, 3.5, 10.5, 4.0 ], "enabled": false },
								"south": { "texture": "#meteoricsteel", "uv": [ 1.0, 15.0, 2.5, 15.5 ], "enabled": false },
								"west": { "texture": "#meteoricsteel", "uv": [ 12.0, 7.0, 14.0, 7.5 ] },
								"up": { "texture": "#meteoricsteel", "uv": [ 4.0, 3.0, 5.5, 5.0 ] },
								"down": { "texture": "#meteoricsteel", "uv": [ 3.0, 0.5, 4.5, 2.5 ] }
							}
						},
						{
							"name": "razor27",
							"from": [ 4.9, 0.15, -0.6 ], 
							"to": [ 6.4, 0.25, 0.4 ], 
							"rotationOrigin": [ 5.4, 0.1, -0.1 ],
							"rotationY": -45.0,
							"rotationZ": -0.2,
							"faces": {
								"north": { "texture": "#meteoricsteel", "uv": [ 0.5, 8.5, 2.0, 9.0 ] },
								"east": { "texture": "#meteoricsteel", "uv": [ 12.5, 10.5, 13.5, 11.0 ], "enabled": false },
								"south": { "texture": "#meteoricsteel", "uv": [ 5.5, 12.0, 7.0, 12.5 ], "enabled": false },
								"west": { "texture": "#meteoricsteel", "uv": [ 2.5, 11.5, 3.5, 12.0 ] },
								"up": { "texture": "#meteoricsteel", "uv": [ 8.0, 14.0, 9.5, 15.0 ] },
								"down": { "texture": "#meteoricsteel", "uv": [ 0.0, 9.5, 1.5, 10.5 ] }
							}
						},
						{
							"name": "razor28",
							"from": [ 6.0, 0.1, -0.9 ], 
							"to": [ 7.0, 0.25, 0.1 ], 
							"rotationOrigin": [ 6.5, 0.2, -0.4 ],
							"rotationY": -45.0,
							"faces": {
								"north": { "texture": "#meteoricsteel", "uv": [ 11.5, 4.0, 12.5, 4.5 ] },
								"east": { "texture": "#meteoricsteel", "uv": [ 11.5, 7.0, 12.5, 7.5 ], "enabled": false },
								"south": { "texture": "#meteoricsteel", "uv": [ 1.5, 9.0, 2.5, 9.5 ], "enabled": false },
								"west": { "texture": "#meteoricsteel", "uv": [ 7.0, 9.0, 8.0, 9.5 ] },
								"up": { "texture": "#meteoricsteel", "uv": [ 12.5, 12.5, 13.5, 13.5 ] },
								"down": { "texture": "#meteoricsteel", "uv": [ 7.0, 0.5, 8.0, 1.5 ] }
							}
						},
						{
							"name": "razor29",
							"from": [ 7.0, 0.15, -0.6 ], 
							"to": [ 8.0, 0.25, 0.9 ], 
							"rotationOrigin": [ 7.5, 0.2, -0.1 ],
							"rotationY": -45.0,
							"rotationZ": -0.2,
							"faces": {
								"north": { "texture": "#meteoricsteel", "uv": [ 11.0, 8.0, 12.0, 8.5 ] },
								"east": { "texture": "#meteoricsteel", "uv": [ 12.0, 5.0, 13.5, 5.5 ], "enabled": false },
								"south": { "texture": "#meteoricsteel", "uv": [ 12.5, 8.0, 13.5, 8.5 ], "enabled": false },
								"west": { "texture": "#meteoricsteel", "uv": [ 8.5, 1.5, 10.0, 2.0 ] },
								"up": { "texture": "#meteoricsteel", "uv": [ 10.0, 7.5, 11.0, 9.0 ] },
								"down": { "texture": "#meteoricsteel", "uv": [ 12.5, 2.5, 13.5, 4.0 ] }
							}
						},
						{
							"name": "razor30",
							"from": [ 8.0, 0.15, -0.9 ], 
							"to": [ 9.0, 0.25, 0.1 ], 
							"rotationOrigin": [ 8.5, 0.1, -0.4 ],
							"rotationY": -45.0,
							"faces": {
								"north": { "texture": "#meteoricsteel", "uv": [ 9.0, 6.0, 10.0, 6.5 ] },
								"east": { "texture": "#meteoricsteel", "uv": [ 6.5, 11.0, 7.5, 11.5 ], "enabled": false },
								"south": { "texture": "#meteoricsteel", "uv": [ 4.5, 13.0, 5.5, 13.5 ], "enabled": false },
								"west": { "texture": "#meteoricsteel", "uv": [ 14.0, 14.5, 15.0, 15.0 ] },
								"up": { "texture": "#meteoricsteel", "uv": [ 10.0, 3.0, 11.0, 4.0 ] },
								"down": { "texture": "#meteoricsteel", "uv": [ 11.0, 6.0, 12.0, 7.0 ] }
							}
						},
						{
							"name": "razor31",
							"from": [ 9.2, 0.15, -0.8 ], 
							"to": [ 10.2, 0.25, 0.2 ], 
							"rotationOrigin": [ 9.7, 0.1, -0.3 ],
							"rotationY": -35.0,
							"rotationZ": -0.2,
							"faces": {
								"north": { "texture": "#meteoricsteel", "uv": [ 2.5, 3.0, 3.5, 3.5 ] },
								"east": { "texture": "#meteoricsteel", "uv": [ 10.0, 12.5, 11.0, 13.0 ], "enabled": false },
								"south": { "texture": "#meteoricsteel", "uv": [ 13.0, 12.0, 14.0, 12.5 ], "enabled": false },
								"west": { "texture": "#meteoricsteel", "uv": [ 8.0, 5.0, 9.0, 5.5 ] },
								"up": { "texture": "#meteoricsteel", "uv": [ 0.5, 5.0, 1.5, 6.0 ] },
								"down": { "texture": "#meteoricsteel", "uv": [ 12.5, 12.0, 13.5, 13.0 ] }
							}
						},
						{
							"name": "razor32",
							"from": [ 10.3, 0.15, -0.9 ], 
							"to": [ 11.3, 0.25, 0.1 ], 
							"rotationOrigin": [ 10.8, 0.1, -0.4 ],
							"rotationY": -22.5,
							"faces": {
								"north": { "texture": "#meteoricsteel", "uv": [ 10.5, 15.0, 11.5, 15.5 ] },
								"east": { "texture": "#meteoricsteel", "uv": [ 0.0, 0.0, 1.0, 0.5 ], "enabled": false },
								"south": { "texture": "#meteoricsteel", "uv": [ 11.5, 15.0, 12.5, 15.5 ], "enabled": false },
								"west": { "texture": "#meteoricsteel", "uv": [ 9.0, 4.5, 10.0, 5.0 ] },
								"up": { "texture": "#meteoricsteel", "uv": [ 12.5, 2.0, 13.5, 3.0 ] },
								"down": { "texture": "#meteoricsteel", "uv": [ 5.5, 7.5, 6.5, 8.5 ] }
							}
						},
						{
							"name": "razor33",
							"from": [ 11.2, 0.15, -1.6 ], 
							"to": [ 12.2, 0.25, -0.6 ], 
							"rotationOrigin": [ 11.7, 0.3, -1.1 ],
							"rotationY": -22.5,
							"faces": {
								"north": { "texture": "#meteoricsteel", "uv": [ 14.5, 0.5, 15.5, 1.0 ] },
								"east": { "texture": "#meteoricsteel", "uv": [ 4.5, 1.0, 5.5, 1.5 ], "enabled": false },
								"south": { "texture": "#meteoricsteel", "uv": [ 5.0, 8.0, 6.0, 8.5 ], "enabled": false },
								"west": { "texture": "#meteoricsteel", "uv": [ 5.5, 0.5, 6.5, 1.0 ] },
								"up": { "texture": "#meteoricsteel", "uv": [ 4.5, 2.5, 5.5, 3.5 ] },
								"down": { "texture": "#meteoricsteel", "uv": [ 11.0, 7.5, 12.0, 8.5 ] }
							}
						},
						{
							"name": "razor34",
							"from": [ 12.3, 0.15, -1.8 ], 
							"to": [ 13.3, 0.25, -0.8 ], 
							"rotationOrigin": [ 12.8, 0.3, -1.3 ],
							"rotationY": -22.5,
							"faces": {
								"north": { "texture": "#meteoricsteel", "uv": [ 13.0, 2.0, 14.0, 2.5 ] },
								"east": { "texture": "#meteoricsteel", "uv": [ 9.0, 1.0, 10.0, 1.5 ], "enabled": false },
								"south": { "texture": "#meteoricsteel", "uv": [ 6.0, 13.5, 7.0, 14.0 ], "enabled": false },
								"west": { "texture": "#meteoricsteel", "uv": [ 9.0, 11.0, 10.0, 11.5 ] },
								"up": { "texture": "#meteoricsteel", "uv": [ 10.5, 7.5, 11.5, 8.5 ] },
								"down": { "texture": "#meteoricsteel", "uv": [ 6.0, 13.5, 7.0, 14.5 ] }
							}
						}
					]
				}
			]
		}
	]}