[
  {
    "file": "game:itemtypes/tool/blade",
    "op": "addmerge",
    "path": "/variantgroups/1/states",
    "value": [ "meteoricsteel" ]
  },
  {
    "file": "game:itemtypes/tool/blade",
    "op": "addmerge",
    "path": "/texturesByType",
    "value": {
      "blade-falx-meteoricsteel": {
        "falxstring": { "base": "block/transparent" },
        "thongs": { "base": "block/transparent" },
        "woodguard": { "base": "block/transparent" },
        "handle":  { "base": "block/wood/debarked/veryaged" },
        "falxblade":  { "base": "block/metal/ingot/meteoricsteel" },
        "cloth":  { "base": "block/transparent" },
        "handguard":  { "base": "block/metal/sheet/meteoriciron1" },
        "spinerivet":  { "base": "block/metal/sheet/gold1" },
        "pips":  { "base": "block/transparent" }
      }
    }
  },
  {
    "file": "game:itemtypes/tool/blade",
    "op": "addmerge",
    "path": "/tooltierbytype",
    "value": { "*-meteoricsteel": 5 }
  },
  {
    "file": "game:itemtypes/tool/blade",
    "op": "addmerge",
    "path": "/attackpowerbytype",
    "value": { "blade-falx-meteoricsteel": 5.5 }
  },
  {
    "file": "game:itemtypes/tool/blade",
    "op": "addmerge",
    "path": "/durabilitybytype",
    "value": { "blade-falx-meteoricsteel": 2750 }
  },
  { 
    "file": "game:itemtypes/combatoverhaul/sword",
    "dependsOn": [ { "modid": "combatoverhaul" } ],
    "op": "addmerge",
    "path": "/variantgroups/1/states",
    "value": [ "meteoricsteel" ]
  },
  {
    "file": "game:itemtypes/combatoverhaul/sword",
    "dependsOn": [ { "modid": "combatoverhaul" } ],
    "op": "addmerge",
    "path": "/durabilitybytype",
    "value": { "blade-falx-meteoricsteel": 2750 }
  },
  {
    "file": "game:itemtypes/combatoverhaul/sword",
    "dependsOn": [ { "modid": "combatoverhaul" } ],
    "op": "addmerge",
    "path": "/attributes/OneHandedStanceByType/*-falx-*/Attack/DamageTypes/0/DamageByType",
    "value": { "blade-falx-meteoricsteel": {"DamageType": "SlashingAttack", "Tier": 7, "Damage": 5.5}}
  }
]
