[
  {
    "file": "game:itemtypes/toolhead/axehead",
    "op": "addmerge",
    "path": "/variantgroups/0/states",
    "value": [ "meteoricsteel" ]
  },
  {
    "file": "game:itemtypes/toolhead/axehead",
    "op": "remove",
    "path": "/shapeByType/*"
  },
  {
    "file": "game:itemtypes/toolhead/axehead",
    "op": "addmerge",
    "path": "/shapeByType/*-meteoricsteel",
    "value": { "base": "item/tool/axe/iron" }
  },
  {
    "file": "game:itemtypes/toolhead/axehead",
    "op": "addmerge",
    "path": "/shapeByType/*",
    "value": { "base": "item/tool/axe/stone" }
  },
  {
    "file": "game:itemtypes/toolhead/axehead",
    "op": "addmerge",
    "path": "/attributes/onTongTransformByType/@axehead-(gold|silver|iron|meteoriciron|steel|meteoricsteel)",
    "value": {
      "translation": { "x": -1.4, "y": -0.9, "z": -0.03 },
      "rotation": { "x": 97, "y": 18, "z": -81 }
    }
  },
  {
    "file": "game:itemtypes/toolhead/axehead",
    "op": "remove",
    "path": "/attributes/onTongTransformByType/*"
  },
  {
    "file": "game:itemtypes/toolhead/axehead",
    "op": "addmerge",
    "path": "/attributes/onTongTransformByType/*",
    "value": {
      "translation": { "x": -0.4, "y": -0.8, "z": -0.53 },
      "rotation": { "x": 37, "y": 0, "z": -2 }
    }
  },
  {
    "file": "game:itemtypes/toolhead/axehead",
    "op": "addmerge",
    "path": "/guiTransformByType/@*-(gold|silver|iron|meteoriciron|steel|meteoricsteel)",
    "value": {
      "translation": { "x": 0, "y": 0, "z": 0 },
      "rotation": { "x": -57, "y": -119, "z": -172 },
      "origin": { "x": 0.97, "y": -0.07, "z": 0.5 },
      "scale": 2.8
    }
  },
  {
    "file": "game:itemtypes/toolhead/axehead",
    "op": "remove",
    "path": "/guiTransformByType/*"
  },
  {
    "file": "game:itemtypes/toolhead/axehead",
    "op": "addmerge",
    "path": "/guiTransformByType/*",
    "value": {
      "translation": { "x": 0, "y": 0, "z": 0 },
      "rotation": { "x": -73, "y": -117, "z": -19 },
      "origin": { "x": 1.06, "y": -0.02, "z": 0.43 },
      "scale": 3.69
    }
  }
]
