[
  {
    "file": "game:itemtypes/toolhead/shovelhead",
    "op": "addmerge",
    "path": "/variantgroups/0/states",
    "value": [ "meteoricsteel" ]
  },
  {
    "file": "game:itemtypes/toolhead/shovelhead",
    "op": "remove",
    "path": "/shapeByType/*"
  },
  {
    "file": "game:itemtypes/toolhead/shovelhead",
    "op": "addmerge",
    "path": "/shapeByType/*-meteoricsteel",
    "value": { "base": "item/tool/shovelhead-copper" }
  },
  {
    "file": "game:itemtypes/toolhead/shovelhead",
    "op": "addmerge",
    "path": "/shapeByType/*",
    "value": { "base": "item/tool/shovel-stone" }
  },
  {
    "file": "game:itemtypes/toolhead/shovelhead",
    "op": "addmerge",
    "path": "/fpHandTransformByType/@shovelhead-(copper|tinbronze|bismuthbronze|blackbronze|iron|meteoriciron|gold|silver|steel|meteoricsteel)",
    "value": {
      "translation": { "x": -0.25, "y": -0.1, "z": 0 },
      "rotation": { "x": 3, "y": 15, "z": 90 },
      "scale": 2.5
    }
  },
  {
    "file": "game:itemtypes/toolhead/shovelhead",
    "op": "remove",
    "path": "/fpHandTransformByType/*"
  },
  {
    "file": "game:itemtypes/toolhead/shovelhead",
    "op": "addmerge",
    "path": "/fpHandTransformByType/*",
    "value": {
      "translation": { "x": -0.04, "y": -0.9, "z": 0 },
      "rotation": { "x": 3, "y": 15, "z": 90 },
      "scale": 2.5
    }
  },
  {
    "file": "game:itemtypes/toolhead/shovelhead",
    "op": "addmerge",
    "path": "/guiTransformByType/@shovelhead-(copper|tinbronze|bismuthbronze|blackbronze|iron|meteoriciron|gold|silver|steel|meteoricsteel)",
    "value": {
      "rotate": false,
      "translation": { "x": 0, "y": 0, "z": 4 },
      "rotation": { "x": 141, "y": 33, "z": -38 },
      "origin": { "x": 0.52, "y": 0.29, "z": 0.3 },
      "scale": 2.24
    }
  },
  {
    "file": "game:itemtypes/toolhead/shovelhead",
    "op": "remove",
    "path": "/guiTransformByType/*"
  },
  {
    "file": "game:itemtypes/toolhead/shovelhead",
    "op": "addmerge",
    "path": "/guiTransformByType/*",
    "value": {
      "translation": { "x": 0, "y": 0, "z": 120 },
      "rotation": { "x": -45, "y": -134, "z": -180 },
      "origin": { "x": 0.87, "y": 0.55, "z": 0.2 },
      "scale": 3
    }
  },
  {
    "file": "game:itemtypes/toolhead/shovelhead",
    "op": "addmerge",
    "path": "/tpHandTransformByType/@shovelhead-(copper|tinbronze|bismuthbronze|blackbronze|iron|meteoriciron|gold|silver|meteoricsteel)",
    "value": {
      "translation": { "x": -0.7, "y": -0.6, "z": -0.1 },
      "rotation": { "x": 90, "y": 20, "z": 0 },
      "scale": 0.85
    }
  },
  {
    "file": "game:itemtypes/toolhead/shovelhead",
    "op": "remove",
    "path": "/tpHandTransformByType/*"
  },
  {
    "file": "game:itemtypes/toolhead/shovelhead",
    "op": "addmerge",
    "path": "/tpHandTransformByType/*",
    "value": {
      "translation": { "x": 0, "y": -0.4, "z": -0.1 },
      "rotation": { "x": 90, "y": 20, "z": 0 },
      "scale": 0.85
    }
  }
]
